2004,dec,1,New Zealand NZL,90.9
2004,dec,2,Australia AUS,88.58
2004,dec,3,England ENG,86.59
2004,dec,4,South Africa RSA,84.74
2004,dec,5,France FRA,83.7
2004,dec,6,Ireland IRE,82.61
2004,dec,7,Argentina ARG,78.67
2004,dec,8,Wales WAL,76.91
2004,dec,9,Scotland SCO,74.65
2004,dec,10,Fiji FJI,73.27
2004,dec,11,Italy ITA,72.51
2004,dec,12,Samoa SAM,71.03
2004,dec,13,Romania ROM,68.78
2004,dec,14,Canada CAN,68.09
2004,dec,15,Uruguay URU,66.92
2004,dec,16,USA USA,66.4
2004,dec,17,Portugal POR,65.8
2004,dec,18,Japan JPN,64.83
2004,dec,19,Tonga TGA,62.72
2004,dec,20,Georgia GEO,61.08
2004,dec,21,Korea KOR,60.24
2004,dec,22,Morocco MAR,59.94
2004,dec,23,Namibia NAM,59.38
2004,dec,24,Chile CHL,58.79
2004,dec,25,Russia RUS,58.15
2004,dec,26,Ukraine UKR,57.84
2004,dec,27,Czech Republic CZE,56.64
2004,dec,28,Hong Kong HKG,55.53
2004,dec,29,Germany GER,55.16
2004,dec,30,Tunisia TUN,54.09
2004,dec,31,Netherlands NED,53.5
2004,dec,32,Spain ESP,53.43
2004,dec,33,Paraguay PAR,53.18
2004,dec,34,Poland POL,52.7
2004,dec,35,Brazil BRA,51.55
2004,dec,36,Chinese Taipei TPE,51.24
2004,dec,37,Croatia CRO,49.99
2004,dec,38,Moldova MDA,49.21
2004,dec,39,Switzerland SUI,49.08
2004,dec,40,Cote D'Ivoire CIV,48.87
2004,dec,41,China CHN,48.82
2004,dec,42,Denmark DEN,48.31
2004,dec,43,Singapore SIN,48.01
2004,dec,44,Madagascar MAD,47.57
2004,dec,45,Zimbabwe ZIM,47.36
2004,dec,46,Venezuela VEN,47.33
2004,dec,47,Sweden SWE,47.24
2004,dec,48,Kenya KEN,46.67
2004,dec,49,Kazakhstan KAZ,46.64
2004,dec,50,Belgium BEL,46.55
2004,dec,51,Trinidad & Tobago TRI,46.36
2004,dec,52,Arabian Gulf AER,45.78
2004,dec,53,Slovenia SVN,45.39
2004,dec,54,Malta MLT,45.02
2004,dec,55,Cook Islands COK,44.68
2004,dec,56,Bermuda BER,44.57
2004,dec,57,Peru PER,44.16
2004,dec,58,Sri Lanka SRI,44.05
2004,dec,59,Cayman Islands CAY,43.97
2004,dec,60,Andorra AND,43.94
2004,dec,61,Thailand THA,43.58
2004,dec,62,Papua New Guinea PNG,43.52
2004,dec,63,Latvia LAT,43.47
2004,dec,64,Zambia ZAM,43.09
2004,dec,65,Serbia SRB,42.3
2004,dec,66,Lithuania LTU,42.22
2004,dec,67,Uganda UGA,41.96
2004,dec,68,Niue Island NIU,40.83
2004,dec,69,Malaysia MAS,40.8
2004,dec,70,Luxembourg LUX,40.69
2004,dec,71,Guam GUM,40
2004,dec,71,St Lucia LCA,40
2004,dec,71,St Vincent and the Grenadines SVG,40
2004,dec,74,Austria AUT,39.85
2004,dec,75,Solomon Islands SOL,39.67
2004,dec,76,Cameroon CAM,38.97
2004,dec,77,Guyana GUY,38.95
2004,dec,78,Monaco MON,38.81
2004,dec,79,Barbados BRB,38.48
2004,dec,80,Hungary HUN,38.46
2004,dec,81,Nigeria NGA,38.35
2004,dec,82,Botswana BWA,38.25
2004,dec,83,Senegal SEN,38.02
2004,dec,84,Colombia COL,37.95
2004,dec,85,Jamaica JAM,37.93
2004,dec,86,Tahiti PYF,37.62
2004,dec,87,Swaziland SWZ,37.01
2004,dec,88,Bulgaria BUL,36.26
2004,dec,89,Vanuatu VAN,35.67
2004,dec,90,Israel ISR,35.42
2004,dec,91,India IND,34.62
2004,dec,92,Norway NOR,34.4
2004,dec,93,Bahamas BHS,34.2
2004,dec,94,Bosnia & Herzegovina BIH,30.53
2004,dec,95,Finland FIN,29.66
2004,nov,1,New Zealand NZL,89.63
2004,nov,2,Australia AUS,87.86
2004,nov,3,England ENG,87.3
2004,nov,4,France FRA,86.05
2004,nov,5,South Africa RSA,85.49
2004,nov,6,Ireland IRE,81.03
2004,nov,7,Wales WAL,77.43
2004,nov,8,Argentina ARG,77.05
2004,nov,9,Scotland SCO,75.5
2004,nov,10,Fiji FJI,73.27
2004,nov,11,Italy ITA,71.73
2004,nov,12,Samoa SAM,71.03
2004,nov,13,Canada CAN,68.68
2004,nov,14,Romania ROM,68.19
2004,nov,15,USA USA,66.59
2004,nov,16,Uruguay URU,65.66
2004,nov,17,Portugal POR,64.66
2004,nov,18,Japan JPN,63.36
2004,nov,19,Tonga TGA,62.72
2004,nov,20,Morocco MAR,61.56
2004,nov,21,Korea KOR,61.2
2004,nov,22,Georgia GEO,61.06
2004,nov,23,Russia RUS,59.41
2004,nov,24,Ukraine UKR,58.92
2004,nov,25,Chile CHL,58.87
2004,nov,26,Namibia NAM,57.77
2004,nov,27,Czech Republic CZE,56.83
2004,nov,28,Hong Kong HKG,55.76
2004,nov,29,Germany GER,54.28
2004,nov,30,Tunisia TUN,54.09
2004,nov,31,Netherlands NED,53.5
2004,nov,32,Spain ESP,53.43
2004,nov,33,Paraguay PAR,53.18
2004,nov,34,Chinese Taipei TPE,51.93
2004,nov,35,Poland POL,51.56
2004,nov,36,Brazil BRA,50.45
2004,nov,37,Croatia CRO,49.87
2004,nov,38,Switzerland SUI,49.08
2004,nov,39,Arabian Gulf AER,48.98
2004,nov,40,Denmark DEN,48.96
2004,nov,41,Cote D'Ivoire CIV,48.87
2004,nov,42,Moldova MDA,48.77
2004,nov,43,China CHN,48.17
2004,nov,44,Madagascar MAD,47.57
2004,nov,45,Zimbabwe ZIM,47.36
2004,nov,46,Sweden SWE,46.99
2004,nov,47,Venezuela VEN,46.98
2004,nov,48,Kazakhstan KAZ,46.89
2004,nov,49,Kenya KEN,46.67
2004,nov,50,Trinidad & Tobago TRI,46.36
2004,nov,51,Malta MLT,46.16
2004,nov,52,Belgium BEL,46.06
2004,nov,53,Slovenia SVN,45.38
2004,nov,54,Peru PER,45.3
2004,nov,55,Singapore SIN,45.25
2004,nov,56,Sri Lanka SRI,44.71
2004,nov,57,Cook Islands COK,44.68
2004,nov,58,Bermuda BER,44.57
2004,nov,59,Andorra AND,44.06
2004,nov,60,Cayman Islands CAY,43.97
2004,nov,61,Latvia LAT,43.96
2004,nov,62,Papua New Guinea PNG,43.52
2004,nov,63,Zambia ZAM,43.09
2004,nov,64,Thailand THA,42.87
2004,nov,65,Lithuania LTU,42.47
2004,nov,66,Serbia SRB,42.09
2004,nov,67,Uganda UGA,41.96
2004,nov,68,Luxembourg LUX,41.36
2004,nov,69,Niue Island NIU,40.83
2004,nov,70,Malaysia MAS,40.8
2004,nov,71,Guam GUM,40
2004,nov,71,St Lucia LCA,40
2004,nov,71,St Vincent and the Grenadines SVG,40
2004,nov,74,Nigeria NGA,39.87
2004,nov,75,Austria AUT,39.85
2004,nov,76,Solomon Islands SOL,39.67
2004,nov,77,Cameroon CAM,38.97
2004,nov,78,Guyana GUY,38.95
2004,nov,79,Monaco MON,38.81
2004,nov,80,Barbados BRB,38.48
2004,nov,81,Hungary HUN,38.47
2004,nov,82,Colombia COL,38.26
2004,nov,83,Senegal SEN,38.02
2004,nov,84,Jamaica JAM,37.93
2004,nov,85,Tahiti PYF,37.62
2004,nov,86,Swaziland SWZ,37.01
2004,nov,87,Botswana BWA,36.73
2004,nov,88,Bulgaria BUL,36.42
2004,nov,89,Vanuatu VAN,35.67
2004,nov,90,Israel ISR,35.42
2004,nov,91,India IND,34.62
2004,nov,92,Norway NOR,34.4
2004,nov,93,Bahamas BHS,34.2
2004,nov,94,Bosnia & Herzegovina BIH,30.53
2004,nov,95,Finland FIN,29.7
2004,oct,1,New Zealand NZL,89.63
2004,oct,2,Australia AUS,87.86
2004,oct,3,England ENG,87.3
2004,oct,4,France FRA,86.05
2004,oct,5,South Africa RSA,85.49
2004,oct,6,Ireland IRE,81.03
2004,oct,7,Wales WAL,77.43
2004,oct,8,Argentina ARG,77.05
2004,oct,9,Scotland SCO,75.5
2004,oct,10,Fiji FJI,73.27
2004,oct,11,Italy ITA,71.73
2004,oct,12,Samoa SAM,71.03
2004,oct,13,Canada CAN,68.68
2004,oct,14,Romania ROM,68.19
2004,oct,15,USA USA,66.59
2004,oct,16,Uruguay URU,65.66
2004,oct,17,Portugal POR,64.66
2004,oct,18,Japan JPN,63.36
2004,oct,19,Tonga TGA,62.72
2004,oct,20,Morocco MAR,61.56
2004,oct,21,Korea KOR,61.2
2004,oct,22,Georgia GEO,61.06
2004,oct,23,Russia RUS,59.41
2004,oct,24,Ukraine UKR,58.92
2004,oct,25,Chile CHL,58.87
2004,oct,26,Namibia NAM,57.77
2004,oct,27,Czech Republic CZE,56.83
2004,oct,28,Hong Kong HKG,55.76
2004,oct,29,Germany GER,54.28
2004,oct,30,Tunisia TUN,54.09
2004,oct,31,Netherlands NED,53.5
2004,oct,32,Spain ESP,53.43
2004,oct,33,Chinese Taipei TPE,51.93
2004,oct,34,Switzerland SUI,51.89
2004,oct,35,Brazil BRA,51.56
2004,oct,36,Paraguay PAR,51.25
2004,oct,37,Poland POL,50.74
2004,oct,38,Croatia CRO,49.33
2004,oct,39,Arabian Gulf AER,48.98
2004,oct,40,Denmark DEN,48.96
2004,oct,41,Cote D'Ivoire CIV,48.87
2004,oct,42,Moldova MDA,48.77
2004,oct,43,China CHN,48.17
2004,oct,44,Madagascar MAD,47.57
2004,oct,45,Zimbabwe ZIM,47.36
2004,oct,46,Venezuela VEN,46.98
2004,oct,47,Kazakhstan KAZ,46.89
2004,oct,48,Kenya KEN,46.67
2004,oct,49,Trinidad & Tobago TRI,46.36
2004,oct,50,Belgium BEL,46.06
2004,oct,51,Slovenia SVN,45.91
2004,oct,52,Peru PER,45.75
2004,oct,53,Sweden SWE,45.75
2004,oct,54,Singapore SIN,45.25
2004,oct,55,Latvia LAT,45.21
2004,oct,56,Sri Lanka SRI,44.71
2004,oct,57,Cook Islands COK,44.68
2004,oct,58,Bermuda BER,44.57
2004,oct,59,Malta MLT,44.17
2004,oct,60,Cayman Islands CAY,43.97
2004,oct,61,Papua New Guinea PNG,43.52
2004,oct,62,Andorra AND,43.13
2004,oct,63,Zambia ZAM,43.09
2004,oct,64,Thailand THA,42.87
2004,oct,65,Serbia SRB,42.09
2004,oct,66,Uganda UGA,41.96
2004,oct,67,Luxembourg LUX,41.36
2004,oct,68,Lithuania LTU,41.2
2004,oct,69,Niue Island NIU,40.83
2004,oct,70,Malaysia MAS,40.8
2004,oct,71,Guam GUM,40
2004,oct,71,St Lucia LCA,40
2004,oct,71,St Vincent and the Grenadines SVG,40
2004,oct,74,Nigeria NGA,39.87
2004,oct,75,Austria AUT,39.85
2004,oct,76,Solomon Islands SOL,39.67
2004,oct,77,Hungary HUN,39.4
2004,oct,78,Cameroon CAM,38.97
2004,oct,79,Guyana GUY,38.95
2004,oct,80,Monaco MON,38.81
2004,oct,81,Colombia COL,38.63
2004,oct,82,Barbados BRB,38.48
2004,oct,83,Senegal SEN,38.02
2004,oct,84,Jamaica JAM,37.93
2004,oct,85,Tahiti PYF,37.62
2004,oct,86,Swaziland SWZ,37.01
2004,oct,87,Botswana BWA,36.73
2004,oct,88,Israel ISR,36.69
2004,oct,89,Bulgaria BUL,36.42
2004,oct,90,Vanuatu VAN,35.67
2004,oct,91,India IND,34.62
2004,oct,92,Norway NOR,34.4
2004,oct,93,Bahamas BHS,34.2
2004,oct,94,Bosnia & Herzegovina BIH,30.53
2004,oct,95,Finland FIN,29.7
2004,sep,1,New Zealand NZL,89.63
2004,sep,2,Australia AUS,87.86
2004,sep,3,England ENG,87.3
2004,sep,4,France FRA,86.05
2004,sep,5,South Africa RSA,85.49
2004,sep,6,Ireland IRE,81.03
2004,sep,7,Wales WAL,77.43
2004,sep,8,Argentina ARG,77.05
2004,sep,9,Scotland SCO,75.5
2004,sep,10,Fiji FJI,73.27
2004,sep,11,Italy ITA,71.73
2004,sep,12,Samoa SAM,71.03
2004,sep,13,Canada CAN,68.68
2004,sep,14,Romania ROM,68.19
2004,sep,15,USA USA,66.59
2004,sep,16,Uruguay URU,65.66
2004,sep,17,Portugal POR,64.66
2004,sep,18,Japan JPN,63.36
2004,sep,19,Tonga TGA,62.72
2004,sep,20,Morocco MAR,61.56
2004,sep,21,Korea KOR,61.2
2004,sep,22,Georgia GEO,61.06
2004,sep,23,Russia RUS,59.41
2004,sep,24,Ukraine UKR,58.92
2004,sep,25,Chile CHL,58.87
2004,sep,26,Namibia NAM,57.77
2004,sep,27,Czech Republic CZE,56.83
2004,sep,28,Hong Kong HKG,55.76
2004,sep,29,Germany GER,54.28
2004,sep,30,Tunisia TUN,54.09
2004,sep,31,Netherlands NED,53.5
2004,sep,32,Spain ESP,53.43
2004,sep,33,Chinese Taipei TPE,51.93
2004,sep,34,Switzerland SUI,51.89
2004,sep,35,Brazil BRA,51.56
2004,sep,36,Paraguay PAR,51.25
2004,sep,37,Poland POL,50.74
2004,sep,38,Croatia CRO,49.33
2004,sep,39,Arabian Gulf AER,48.98
2004,sep,40,Denmark DEN,48.96
2004,sep,41,Cote D'Ivoire CIV,48.87
2004,sep,42,Moldova MDA,48.77
2004,sep,43,China CHN,48.17
2004,sep,44,Madagascar MAD,47.57
2004,sep,45,Zimbabwe ZIM,47.02
2004,sep,46,Venezuela VEN,46.98
2004,sep,47,Kazakhstan KAZ,46.89
2004,sep,48,Kenya KEN,46.67
2004,sep,49,Trinidad & Tobago TRI,46.36
2004,sep,50,Belgium BEL,46.06
2004,sep,51,Slovenia SVN,45.91
2004,sep,52,Peru PER,45.75
2004,sep,53,Sweden SWE,45.75
2004,sep,54,Singapore SIN,45.25
2004,sep,55,Latvia LAT,45.21
2004,sep,56,Sri Lanka SRI,44.71
2004,sep,57,Cook Islands COK,44.68
2004,sep,58,Bermuda BER,44.57
2004,sep,59,Malta MLT,44.17
2004,sep,60,Cayman Islands CAY,43.97
2004,sep,61,Papua New Guinea PNG,43.52
2004,sep,62,Zambia ZAM,43.09
2004,sep,63,Thailand THA,42.87
2004,sep,64,Andorra AND,42.6
2004,sep,65,Uganda UGA,42.3
2004,sep,66,Serbia SRB,42.09
2004,sep,67,Luxembourg LUX,41.36
2004,sep,68,Lithuania LTU,41.2
2004,sep,69,Niue Island NIU,40.83
2004,sep,70,Malaysia MAS,40.8
2004,sep,71,Guam GUM,40
2004,sep,71,St Lucia LCA,40
2004,sep,71,St Vincent and the Grenadines SVG,40
2004,sep,74,Nigeria NGA,39.87
2004,sep,75,Solomon Islands SOL,39.67
2004,sep,76,Hungary HUN,39.4
2004,sep,77,Austria AUT,39.06
2004,sep,78,Cameroon CAM,38.97
2004,sep,79,Guyana GUY,38.95
2004,sep,80,Monaco MON,38.81
2004,sep,81,Colombia COL,38.63
2004,sep,82,Barbados BRB,38.48
2004,sep,83,Senegal SEN,38.02
2004,sep,84,Jamaica JAM,37.93
2004,sep,85,Swaziland SWZ,37.92
2004,sep,86,Tahiti PYF,37.62
2004,sep,87,Israel ISR,36.69
2004,sep,88,Botswana BWA,35.82
2004,sep,89,Vanuatu VAN,35.67
2004,sep,90,Bulgaria BUL,35.08
2004,sep,91,Norway NOR,34.93
2004,sep,92,India IND,34.62
2004,sep,93,Bahamas BHS,34.2
2004,sep,94,Bosnia & Herzegovina BIH,31.32
2004,sep,95,Finland FIN,31.05
2004,aug,1,New Zealand NZL,92.31
2004,aug,2,Australia AUS,87.65
2004,aug,3,England ENG,87.3
2004,aug,4,France FRA,86.05
2004,aug,5,South Africa RSA,83.02
2004,aug,6,Ireland IRE,81.03
2004,aug,7,Wales WAL,77.43
2004,aug,8,Argentina ARG,77.05
2004,aug,9,Scotland SCO,75.5
2004,aug,10,Fiji FJI,73.27
2004,aug,11,Italy ITA,71.73
2004,aug,12,Samoa SAM,71.03
2004,aug,13,Canada CAN,68.68
2004,aug,14,Romania ROM,68.19
2004,aug,15,USA USA,66.59
2004,aug,16,Uruguay URU,65.66
2004,aug,17,Portugal POR,64.66
2004,aug,18,Japan JPN,63.36
2004,aug,19,Tonga TGA,62.72
2004,aug,20,Morocco MAR,61.56
2004,aug,21,Korea KOR,61.2
2004,aug,22,Georgia GEO,61.06
2004,aug,23,Russia RUS,59.41
2004,aug,24,Ukraine UKR,58.92
2004,aug,25,Chile CHL,58.87
2004,aug,26,Namibia NAM,57.77
2004,aug,27,Czech Republic CZE,56.83
2004,aug,28,Hong Kong HKG,55.76
2004,aug,29,Germany GER,54.28
2004,aug,30,Tunisia TUN,54.09
2004,aug,31,Netherlands NED,53.5
2004,aug,32,Spain ESP,53.43
2004,aug,33,Chinese Taipei TPE,51.93
2004,aug,34,Switzerland SUI,51.89
2004,aug,35,Brazil BRA,51.56
2004,aug,36,Paraguay PAR,51.25
2004,aug,37,Poland POL,50.74
2004,aug,38,Croatia CRO,49.33
2004,aug,39,Arabian Gulf AER,48.98
2004,aug,40,Denmark DEN,48.96
2004,aug,41,Cote D'Ivoire CIV,48.87
2004,aug,42,Moldova MDA,48.77
2004,aug,43,Madagascar MAD,48.2
2004,aug,44,China CHN,48.17
2004,aug,45,Zimbabwe ZIM,47.83
2004,aug,46,Venezuela VEN,46.98
2004,aug,47,Kazakhstan KAZ,46.89
2004,aug,48,Trinidad & Tobago TRI,46.36
2004,aug,49,Belgium BEL,46.06
2004,aug,50,Slovenia SVN,45.91
2004,aug,51,Peru PER,45.75
2004,aug,52,Sweden SWE,45.75
2004,aug,53,Kenya KEN,45.69
2004,aug,54,Singapore SIN,45.25
2004,aug,55,Latvia LAT,45.21
2004,aug,56,Sri Lanka SRI,44.71
2004,aug,57,Bermuda BER,44.57
2004,aug,58,Malta MLT,44.17
2004,aug,59,Cook Islands COK,44
2004,aug,60,Cayman Islands CAY,43.97
2004,aug,61,Zambia ZAM,43.82
2004,aug,62,Papua New Guinea PNG,43.52
2004,aug,63,Thailand THA,42.87
2004,aug,64,Andorra AND,42.6
2004,aug,65,Serbia SRB,42.09
2004,aug,66,Niue Island NIU,41.51
2004,aug,67,Luxembourg LUX,41.36
2004,aug,68,Lithuania LTU,41.2
2004,aug,69,Uganda UGA,41.11
2004,aug,70,Malaysia MAS,40.8
2004,aug,71,Guam GUM,40
2004,aug,71,St Lucia LCA,40
2004,aug,71,St Vincent and the Grenadines SVG,40
2004,aug,74,Nigeria NGA,39.87
2004,aug,75,Solomon Islands SOL,39.67
2004,aug,76,Hungary HUN,39.4
2004,aug,77,Austria AUT,39.06
2004,aug,78,Cameroon CAM,38.97
2004,aug,79,Guyana GUY,38.95
2004,aug,80,Monaco MON,38.81
2004,aug,81,Colombia COL,38.63
2004,aug,82,Barbados BRB,38.48
2004,aug,83,Senegal SEN,38.02
2004,aug,84,Jamaica JAM,37.93
2004,aug,85,Swaziland SWZ,37.92
2004,aug,86,Tahiti PYF,37.62
2004,aug,87,Israel ISR,36.69
2004,aug,88,Botswana BWA,35.82
2004,aug,89,Vanuatu VAN,35.67
2004,aug,90,Bulgaria BUL,35.08
2004,aug,91,Norway NOR,34.93
2004,aug,92,India IND,34.62
2004,aug,93,Bahamas BHS,34.2
2004,aug,94,Bosnia & Herzegovina BIH,31.32
2004,aug,95,Finland FIN,31.05
2004,jul,1,New Zealand NZL,92.01
2004,jul,2,Australia AUS,87.94
2004,jul,3,England ENG,87.3
2004,jul,4,France FRA,86.05
2004,jul,5,South Africa RSA,83.02
2004,jul,6,Ireland IRE,81.03
2004,jul,7,Wales WAL,77.43
2004,jul,8,Argentina ARG,77.05
2004,jul,9,Scotland SCO,75.5
2004,jul,10,Fiji FJI,73.27
2004,jul,11,Italy ITA,71.15
2004,jul,12,Samoa SAM,71.03
2004,jul,13,Canada CAN,68.68
2004,jul,14,Romania ROM,68.19
2004,jul,15,USA USA,66.59
2004,jul,16,Uruguay URU,65.66
2004,jul,17,Portugal POR,64.66
2004,jul,18,Japan JPN,63.93
2004,jul,19,Tonga TGA,62.72
2004,jul,20,Morocco MAR,61.56
2004,jul,21,Korea KOR,61.2
2004,jul,22,Georgia GEO,61.06
2004,jul,23,Russia RUS,59.41
2004,jul,24,Ukraine UKR,58.92
2004,jul,25,Chile CHL,58.87
2004,jul,26,Namibia NAM,57.77
2004,jul,27,Czech Republic CZE,56.83
2004,jul,28,Hong Kong HKG,55.76
2004,jul,29,Germany GER,54.28
2004,jul,30,Tunisia TUN,54.09
2004,jul,31,Netherlands NED,53.5
2004,jul,32,Spain ESP,53.43
2004,jul,33,Chinese Taipei TPE,51.93
2004,jul,34,Switzerland SUI,51.89
2004,jul,35,Brazil BRA,51.56
2004,jul,36,Paraguay PAR,51.25
2004,jul,37,Poland POL,50.74
2004,jul,38,Croatia CRO,49.33
2004,jul,39,Arabian Gulf AER,48.98
2004,jul,40,Denmark DEN,48.96
2004,jul,41,Cote D'Ivoire CIV,48.87
2004,jul,42,Moldova MDA,48.77
2004,jul,43,Madagascar MAD,48.2
2004,jul,44,China CHN,48.17
2004,jul,45,Zimbabwe ZIM,47.22
2004,jul,46,Venezuela VEN,46.98
2004,jul,47,Kazakhstan KAZ,46.89
2004,jul,48,Trinidad & Tobago TRI,46.36
2004,jul,49,Kenya KEN,46.3
2004,jul,50,Belgium BEL,46.06
2004,jul,51,Slovenia SVN,45.91
2004,jul,52,Peru PER,45.75
2004,jul,53,Sweden SWE,45.75
2004,jul,54,Singapore SIN,45.25
2004,jul,55,Latvia LAT,45.21
2004,jul,56,Bermuda BER,44.57
2004,jul,57,Malta MLT,44.17
2004,jul,58,Cook Islands COK,44
2004,jul,59,Thailand THA,43.98
2004,jul,60,Cayman Islands CAY,43.97
2004,jul,61,Zambia ZAM,43.82
2004,jul,62,Sri Lanka SRI,43.6
2004,jul,63,Papua New Guinea PNG,43.52
2004,jul,64,Andorra AND,42.6
2004,jul,65,Serbia SRB,42.09
2004,jul,66,Niue Island NIU,41.51
2004,jul,67,Luxembourg LUX,41.36
2004,jul,68,Lithuania LTU,41.2
2004,jul,69,Uganda UGA,41.11
2004,jul,70,Malaysia MAS,40.8
2004,jul,71,Guam GUM,40
2004,jul,71,St Lucia LCA,40
2004,jul,71,St Vincent and the Grenadines SVG,40
2004,jul,74,Nigeria NGA,39.87
2004,jul,75,Solomon Islands SOL,39.67
2004,jul,76,Hungary HUN,39.4
2004,jul,77,Austria AUT,39.06
2004,jul,78,Cameroon CAM,38.97
2004,jul,79,Guyana GUY,38.95
2004,jul,80,Monaco MON,38.81
2004,jul,81,Colombia COL,38.63
2004,jul,82,Barbados BRB,38.48
2004,jul,83,Senegal SEN,38.02
2004,jul,84,Jamaica JAM,37.93
2004,jul,85,Swaziland SWZ,37.92
2004,jul,86,Tahiti PYF,37.62
2004,jul,87,Israel ISR,36.69
2004,jul,88,Botswana BWA,35.82
2004,jul,89,Vanuatu VAN,35.67
2004,jul,90,Bulgaria BUL,35.08
2004,jul,91,Norway NOR,34.93
2004,jul,92,India IND,34.62
2004,jul,93,Bahamas BHS,34.2
2004,jul,94,Bosnia & Herzegovina BIH,31.32
2004,jul,95,Finland FIN,31.05
2004,jun,1,England ENG,90.56
2004,jun,2,New Zealand NZL,90.12
2004,jun,3,Australia AUS,86.58
2004,jun,4,France FRA,86.05
2004,jun,5,Ireland IRE,82.52
2004,jun,6,South Africa RSA,81.23
2004,jun,7,Argentina ARG,78.02
2004,jun,8,Wales WAL,76.77
2004,jun,9,Scotland SCO,74.1
2004,jun,10,Samoa SAM,73.46
2004,jun,11,Italy ITA,72.4
2004,jun,12,Fiji FJI,71.82
2004,jun,13,Canada CAN,68.07
2004,jun,14,Romania ROM,66.94
2004,jun,15,USA USA,66.74
2004,jun,16,Uruguay URU,65.66
2004,jun,17,Portugal POR,64.66
2004,jun,18,Japan JPN,63.93
2004,jun,19,Tonga TGA,63.15
2004,jun,20,Morocco MAR,61.56
2004,jun,21,Korea KOR,61.2
2004,jun,22,Georgia GEO,61.06
2004,jun,23,Russia RUS,59.88
2004,jun,24,Ukraine UKR,58.92
2004,jun,25,Chile CHL,58.87
2004,jun,26,Namibia NAM,57.77
2004,jun,27,Czech Republic CZE,56.83
2004,jun,28,Hong Kong HKG,55.73
2004,jun,29,Germany GER,54.28
2004,jun,30,Tunisia TUN,54.09
2004,jun,31,Netherlands NED,53.5
2004,jun,32,Spain ESP,53.43
2004,jun,33,Chinese Taipei TPE,51.93
2004,jun,34,Switzerland SUI,51.89
2004,jun,35,Brazil BRA,51.56
2004,jun,36,Paraguay PAR,51.25
2004,jun,37,Poland POL,50.74
2004,jun,38,Croatia CRO,49.33
2004,jun,39,Arabian Gulf AER,48.98
2004,jun,40,Denmark DEN,48.96
2004,jun,41,China CHN,48.94
2004,jun,42,Cote D'Ivoire CIV,48.87
2004,jun,43,Moldova MDA,48.77
2004,jun,44,Madagascar MAD,48.2
2004,jun,45,Zimbabwe ZIM,47.22
2004,jun,46,Venezuela VEN,46.98
2004,jun,47,Kazakhstan KAZ,46.89
2004,jun,48,Trinidad & Tobago TRI,46.36
2004,jun,49,Kenya KEN,46.3
2004,jun,50,Belgium BEL,46.06
2004,jun,51,Slovenia SVN,45.91
2004,jun,52,Peru PER,45.75
2004,jun,53,Sweden SWE,45.75
2004,jun,54,Latvia LAT,45.21
2004,jun,55,Bermuda BER,44.57
2004,jun,56,Singapore SIN,44.51
2004,jun,57,Malta MLT,44.17
2004,jun,58,Cook Islands COK,44
2004,jun,59,Thailand THA,43.98
2004,jun,60,Cayman Islands CAY,43.97
2004,jun,61,Zambia ZAM,43.82
2004,jun,62,Papua New Guinea PNG,43.52
2004,jun,63,Sri Lanka SRI,42.74
2004,jun,64,Andorra AND,42.6
2004,jun,65,Lithuania LTU,42.42
2004,jun,66,Serbia SRB,42.09
2004,jun,67,Niue Island NIU,41.51
2004,jun,68,Luxembourg LUX,41.36
2004,jun,69,Uganda UGA,41.11
2004,jun,70,Guam GUM,40
2004,jun,70,St Lucia LCA,40
2004,jun,70,St Vincent and the Grenadines SVG,40
2004,jun,73,Nigeria NGA,39.87
2004,jun,74,Solomon Islands SOL,39.67
2004,jun,75,Malaysia MAS,39.53
2004,jun,76,Hungary HUN,39.4
2004,jun,77,Senegal SEN,39.3
2004,jun,78,Cameroon CAM,38.97
2004,jun,79,Guyana GUY,38.95
2004,jun,80,Monaco MON,38.81
2004,jun,81,Colombia COL,38.63
2004,jun,82,Barbados BRB,38.48
2004,jun,83,Jamaica JAM,37.93
2004,jun,84,Swaziland SWZ,37.92
2004,jun,85,Tahiti PYF,37.62
2004,jun,86,Austria AUT,37.18
2004,jun,87,Israel ISR,35.98
2004,jun,88,Botswana BWA,35.82
2004,jun,89,Vanuatu VAN,35.67
2004,jun,90,India IND,35.49
2004,jun,91,Bulgaria BUL,35.08
2004,jun,92,Bahamas BHS,34.2
2004,jun,93,Norway NOR,33.62
2004,jun,94,Finland FIN,33.06
2004,jun,95,Bosnia & Herzegovina BIH,31.97
2004,may,1,England ENG,90.56
2004,may,2,New Zealand NZL,90.12
2004,may,3,Australia AUS,86.58
2004,may,4,France FRA,86.05
2004,may,5,Ireland IRE,82.52
2004,may,6,South Africa RSA,81.23
2004,may,7,Argentina ARG,78.02
2004,may,8,Wales WAL,76.77
2004,may,9,Scotland SCO,74.1
2004,may,10,Samoa SAM,73.46
2004,may,11,Italy ITA,72.4
2004,may,12,Fiji FJI,71.82
2004,may,13,Canada CAN,68.55
2004,may,14,USA USA,67.65
2004,may,15,Romania ROM,66.94
2004,may,16,Uruguay URU,64.88
2004,may,17,Portugal POR,64.66
2004,may,18,Tonga TGA,63.15
2004,may,19,Morocco MAR,61.56
2004,may,20,Japan JPN,61.42
2004,may,21,Georgia GEO,61.06
2004,may,22,Russia RUS,60.81
2004,may,23,Korea KOR,60.78
2004,may,24,Chile CHL,59.65
2004,may,25,Ukraine UKR,58.32
2004,may,26,Namibia NAM,57.77
2004,may,27,Czech Republic CZE,56.83
2004,may,28,Hong Kong HKG,55.27
2004,may,29,Tunisia TUN,54.09
2004,may,30,Germany GER,53.53
2004,may,31,Spain ESP,53.43
2004,may,32,Netherlands NED,52.78
2004,may,33,Chinese Taipei TPE,52.54
2004,may,34,Switzerland SUI,51.89
2004,may,35,Brazil BRA,51.56
2004,may,36,Poland POL,51.49
2004,may,37,Paraguay PAR,51.25
2004,may,38,Croatia CRO,49.33
2004,may,39,Denmark DEN,48.96
2004,may,40,China CHN,48.94
2004,may,41,Cote D'Ivoire CIV,48.87
2004,may,42,Arabian Gulf AER,48.32
2004,may,43,Madagascar MAD,48.2
2004,may,44,Zimbabwe ZIM,47.22
2004,may,45,Sweden SWE,47.06
2004,may,46,Moldova MDA,47.06
2004,may,47,Venezuela VEN,46.98
2004,may,48,Kazakhstan KAZ,46.89
2004,may,49,Trinidad & Tobago TRI,46.36
2004,may,50,Kenya KEN,46.3
2004,may,51,Belgium BEL,46.06
2004,may,52,Slovenia SVN,45.91
2004,may,53,Peru PER,45.75
2004,may,54,Latvia LAT,45.21
2004,may,55,Singapore SIN,44.9
2004,may,56,Bermuda BER,44.57
2004,may,57,Malta MLT,44.22
2004,may,58,Cook Islands COK,44
2004,may,59,Thailand THA,43.98
2004,may,60,Cayman Islands CAY,43.97
2004,may,61,Zambia ZAM,43.82
2004,may,62,Papua New Guinea PNG,43.52
2004,may,63,Serbia SRB,43.51
2004,may,64,Sri Lanka SRI,42.74
2004,may,65,Andorra AND,42.6
2004,may,66,Lithuania LTU,42.2
2004,may,67,Niue Island NIU,41.51
2004,may,68,Uganda UGA,41.11
2004,may,69,Luxembourg LUX,40.43
2004,may,70,Malaysia MAS,40.27
2004,may,71,Guam GUM,40
2004,may,71,St Lucia LCA,40
2004,may,71,St Vincent and the Grenadines SVG,40
2004,may,74,Nigeria NGA,39.87
2004,may,75,Solomon Islands SOL,39.67
2004,may,76,Hungary HUN,39.64
2004,may,77,Senegal SEN,39.3
2004,may,78,Cameroon CAM,38.97
2004,may,79,Guyana GUY,38.95
2004,may,80,Monaco MON,38.81
2004,may,81,Colombia COL,38.63
2004,may,82,Barbados BRB,38.48
2004,may,83,Jamaica JAM,37.93
2004,may,84,Swaziland SWZ,37.92
2004,may,85,Tahiti PYF,37.62
2004,may,86,Austria AUT,36.75
2004,may,87,Bulgaria BUL,36.65
2004,may,88,Israel ISR,35.98
2004,may,89,Botswana BWA,35.82
2004,may,90,Vanuatu VAN,35.67
2004,may,91,India IND,35.49
2004,may,92,Bahamas BHS,34.2
2004,may,93,Norway NOR,33.62
2004,may,94,Finland FIN,33.06
2004,may,95,Bosnia & Herzegovina BIH,31.97
2004,apr,1,England ENG,90.56
2004,apr,2,New Zealand NZL,90.12
2004,apr,3,Australia AUS,86.58
2004,apr,4,France FRA,86.05
2004,apr,5,Ireland IRE,82.52
2004,apr,6,South Africa RSA,81.23
2004,apr,7,Argentina ARG,78.02
2004,apr,8,Wales WAL,76.77
2004,apr,9,Scotland SCO,74.1
2004,apr,10,Samoa SAM,73.46
2004,apr,11,Italy ITA,72.4
2004,apr,12,Fiji FJI,71.82
2004,apr,13,Canada CAN,68.55
2004,apr,14,USA USA,67.65
2004,apr,15,Romania ROM,66.94
2004,apr,16,Uruguay URU,64.88
2004,apr,17,Portugal POR,64.66
2004,apr,18,Tonga TGA,63.15
2004,apr,19,Morocco MAR,61.56
2004,apr,20,Japan JPN,61.42
2004,apr,21,Georgia GEO,61.06
2004,apr,22,Russia RUS,60.81
2004,apr,23,Korea KOR,60.78
2004,apr,24,Chile CHL,59.65
2004,apr,25,Ukraine UKR,58.32
2004,apr,26,Namibia NAM,57.77
2004,apr,27,Czech Republic CZE,56.83
2004,apr,28,Hong Kong HKG,55.27
2004,apr,29,Germany GER,54.46
2004,apr,30,Tunisia TUN,54.09
2004,apr,31,Spain ESP,53.43
2004,apr,32,Chinese Taipei TPE,52.54
2004,apr,33,Poland POL,52.2
2004,apr,34,Switzerland SUI,51.76
2004,apr,35,Brazil BRA,51.56
2004,apr,36,Paraguay PAR,51.25
2004,apr,37,Netherlands NED,51.02
2004,apr,38,Croatia CRO,49.95
2004,apr,39,Denmark DEN,49.36
2004,apr,40,China CHN,48.94
2004,apr,41,Cote D'Ivoire CIV,48.87
2004,apr,42,Madagascar MAD,48.2
2004,apr,43,Kazakhstan KAZ,47.97
2004,apr,44,Latvia LAT,47.82
2004,apr,45,Arabian Gulf AER,47.25
2004,apr,46,Zimbabwe ZIM,47.22
2004,apr,47,Sweden SWE,47.17
2004,apr,48,Venezuela VEN,46.98
2004,apr,49,Trinidad & Tobago TRI,46.36
2004,apr,50,Kenya KEN,46.3
2004,apr,51,Moldova MDA,46.19
2004,apr,52,Slovenia SVN,46.04
2004,apr,53,Peru PER,45.75
2004,apr,54,Belgium BEL,45.04
2004,apr,55,Singapore SIN,44.9
2004,apr,56,Bermuda BER,44.57
2004,apr,57,Serbia SRB,44.05
2004,apr,58,Cook Islands COK,44
2004,apr,59,Thailand THA,43.98
2004,apr,60,Cayman Islands CAY,43.97
2004,apr,61,Zambia ZAM,43.82
2004,apr,62,Papua New Guinea PNG,43.52
2004,apr,63,Sri Lanka SRI,42.74
2004,apr,64,Andorra AND,42.6
2004,apr,65,Lithuania LTU,42.2
2004,apr,66,Niue Island NIU,41.51
2004,apr,67,Malta MLT,41.47
2004,apr,68,Uganda UGA,41.11
2004,apr,69,Malaysia MAS,40.27
2004,apr,70,Hungary HUN,40.1
2004,apr,71,Guam GUM,40
2004,apr,71,St Lucia LCA,40
2004,apr,71,St Vincent and the Grenadines SVG,40
2004,apr,74,Nigeria NGA,39.87
2004,apr,75,Luxembourg LUX,39.74
2004,apr,76,Solomon Islands SOL,39.67
2004,apr,77,Senegal SEN,39.3
2004,apr,78,Cameroon CAM,38.97
2004,apr,79,Guyana GUY,38.95
2004,apr,80,Monaco MON,38.81
2004,apr,81,Colombia COL,38.63
2004,apr,82,Barbados BRB,38.48
2004,apr,83,Jamaica JAM,37.93
2004,apr,84,Swaziland SWZ,37.92
2004,apr,85,Tahiti PYF,37.62
2004,apr,86,Bulgaria BUL,37.35
2004,apr,87,Austria AUT,36.75
2004,apr,88,Israel ISR,35.98
2004,apr,89,Botswana BWA,35.82
2004,apr,90,Vanuatu VAN,35.67
2004,apr,91,India IND,35.49
2004,apr,92,Bahamas BHS,34.2
2004,apr,93,Norway NOR,33.62
2004,apr,94,Finland FIN,33.06
2004,apr,95,Bosnia & Herzegovina BIH,31.97
2004,mar,1,England ENG,93.99
2004,mar,2,New Zealand NZL,90.12
2004,mar,3,Australia AUS,86.58
2004,mar,4,France FRA,83.43
2004,mar,5,South Africa RSA,81.23
2004,mar,6,Ireland IRE,80.52
2004,mar,7,Argentina ARG,78.02
2004,mar,8,Wales WAL,76.85
2004,mar,9,Scotland SCO,75.72
2004,mar,10,Samoa SAM,73.46
2004,mar,11,Italy ITA,71.88
2004,mar,12,Fiji FJI,71.82
2004,mar,13,Canada CAN,68.55
2004,mar,14,Romania ROM,68.37
2004,mar,15,USA USA,67.65
2004,mar,16,Uruguay URU,64.88
2004,mar,17,Tonga TGA,63.15
2004,mar,18,Portugal POR,62.94
2004,mar,19,Japan JPN,61.42
2004,mar,20,Morocco MAR,60.87
2004,mar,21,Korea KOR,60.78
2004,mar,22,Russia RUS,60.36
2004,mar,23,Georgia GEO,60
2004,mar,24,Chile CHL,59.65
2004,mar,25,Namibia NAM,58.45
2004,mar,26,Ukraine UKR,58.32
2004,mar,27,Czech Republic CZE,57.61
2004,mar,28,Hong Kong HKG,55.27
2004,mar,29,Germany GER,54.46
2004,mar,30,Spain ESP,54.44
2004,mar,31,Tunisia TUN,54.09
2004,mar,32,Chinese Taipei TPE,52.54
2004,mar,33,Poland POL,52.2
2004,mar,34,Brazil BRA,51.56
2004,mar,35,Paraguay PAR,51.25
2004,mar,36,Denmark DEN,50.78
2004,mar,37,Switzerland SUI,50.41
2004,mar,38,Croatia CRO,49.95
2004,mar,39,China CHN,48.94
2004,mar,40,Cote D'Ivoire CIV,48.87
2004,mar,41,Netherlands NED,48.38
2004,mar,42,Madagascar MAD,48.2
2004,mar,43,Kazakhstan KAZ,47.97
2004,mar,44,Latvia LAT,47.82
2004,mar,45,Belgium BEL,47.61
2004,mar,46,Arabian Gulf AER,47.25
2004,mar,47,Zimbabwe ZIM,47.22
2004,mar,48,Sweden SWE,47.17
2004,mar,49,Venezuela VEN,46.98
2004,mar,50,Trinidad & Tobago TRI,46.36
2004,mar,51,Kenya KEN,46.3
2004,mar,52,Moldova MDA,46.19
2004,mar,53,Slovenia SVN,46.04
2004,mar,54,Peru PER,45.75
2004,mar,55,Singapore SIN,44.9
2004,mar,56,Bermuda BER,44.57
2004,mar,57,Serbia SRB,44.05
2004,mar,58,Cook Islands COK,44
2004,mar,59,Thailand THA,43.98
2004,mar,60,Zambia ZAM,43.82
2004,mar,61,Cayman Islands CAY,43.76
2004,mar,62,Papua New Guinea PNG,43.52
2004,mar,63,Sri Lanka SRI,42.74
2004,mar,64,Andorra AND,42.6
2004,mar,65,Lithuania LTU,42.2
2004,mar,66,Niue Island NIU,41.51
2004,mar,67,Malta MLT,41.47
2004,mar,68,Uganda UGA,41.11
2004,mar,69,Malaysia MAS,40.27
2004,mar,70,Hungary HUN,40.1
2004,mar,71,Guam GUM,40
2004,mar,71,St Lucia LCA,40
2004,mar,71,St Vincent and the Grenadines SVG,40
2004,mar,74,Nigeria NGA,39.87
2004,mar,75,Luxembourg LUX,39.74
2004,mar,76,Solomon Islands SOL,39.67
2004,mar,77,Senegal SEN,39.3
2004,mar,78,Cameroon CAM,38.97
2004,mar,79,Guyana GUY,38.95
2004,mar,80,Monaco MON,38.81
2004,mar,81,Colombia COL,38.63
2004,mar,82,Barbados BRB,38.48
2004,mar,83,Jamaica JAM,38.14
2004,mar,84,Swaziland SWZ,37.92
2004,mar,85,Tahiti PYF,37.62
2004,mar,86,Bulgaria BUL,37.35
2004,mar,87,Austria AUT,36.75
2004,mar,88,Israel ISR,35.98
2004,mar,89,Botswana BWA,35.82
2004,mar,90,Vanuatu VAN,35.67
2004,mar,91,India IND,35.49
2004,mar,92,Bahamas BHS,34.2
2004,mar,93,Norway NOR,33.62
2004,mar,94,Finland FIN,33.06
2004,mar,95,Bosnia & Herzegovina BIH,31.97
2004,feb,1,England ENG,93.99
2004,feb,2,New Zealand NZL,90.12
2004,feb,3,Australia AUS,86.58
2004,feb,4,France FRA,82.71
2004,feb,5,South Africa RSA,81.23
2004,feb,6,Ireland IRE,80.53
2004,feb,7,Argentina ARG,78.02
2004,feb,8,Wales WAL,76.92
2004,feb,9,Scotland SCO,76.36
2004,feb,10,Samoa SAM,73.46
2004,feb,11,Italy ITA,71.88
2004,feb,12,Fiji FJI,71.82
2004,feb,13,Canada CAN,68.55
2004,feb,14,Romania ROM,68.04
2004,feb,15,USA USA,67.65
2004,feb,16,Uruguay URU,64.88
2004,feb,17,Tonga TGA,63.15
2004,feb,18,Portugal POR,62.03
2004,feb,19,Georgia GEO,61.57
2004,feb,20,Japan JPN,61.42
2004,feb,21,Morocco MAR,60.87
2004,feb,22,Korea KOR,60.78
2004,feb,23,Russia RUS,60.2
2004,feb,24,Chile CHL,59.65
2004,feb,25,Namibia NAM,58.45
2004,feb,26,Ukraine UKR,58.32
2004,feb,27,Czech Republic CZE,57.61
2004,feb,28,Hong Kong HKG,55.27
2004,feb,29,Germany GER,54.46
2004,feb,30,Spain ESP,54.28
2004,feb,31,Tunisia TUN,54.09
2004,feb,32,Chinese Taipei TPE,52.54
2004,feb,33,Poland POL,52.2
2004,feb,34,Brazil BRA,51.56
2004,feb,35,Paraguay PAR,51.25
2004,feb,36,Denmark DEN,50.78
2004,feb,37,Switzerland SUI,50.41
2004,feb,38,Croatia CRO,49.95
2004,feb,39,China CHN,48.94
2004,feb,40,Cote D'Ivoire CIV,48.87
2004,feb,41,Netherlands NED,48.38
2004,feb,42,Madagascar MAD,48.2
2004,feb,43,Kazakhstan KAZ,47.97
2004,feb,44,Latvia LAT,47.82
2004,feb,45,Belgium BEL,47.61
2004,feb,46,Arabian Gulf AER,47.25
2004,feb,47,Zimbabwe ZIM,47.22
2004,feb,48,Sweden SWE,47.17
2004,feb,49,Venezuela VEN,46.98
2004,feb,50,Trinidad & Tobago TRI,46.36
2004,feb,51,Kenya KEN,46.3
2004,feb,52,Moldova MDA,46.19
2004,feb,53,Slovenia SVN,46.04
2004,feb,54,Peru PER,45.75
2004,feb,55,Singapore SIN,44.9
2004,feb,56,Bermuda BER,44.57
2004,feb,57,Serbia SRB,44.05
2004,feb,58,Cook Islands COK,44
2004,feb,59,Thailand THA,43.98
2004,feb,60,Zambia ZAM,43.82
2004,feb,61,Cayman Islands CAY,43.76
2004,feb,62,Papua New Guinea PNG,43.52
2004,feb,63,Sri Lanka SRI,42.74
2004,feb,64,Andorra AND,42.6
2004,feb,65,Lithuania LTU,42.2
2004,feb,66,Niue Island NIU,41.51
2004,feb,67,Malta MLT,41.47
2004,feb,68,Uganda UGA,41.11
2004,feb,69,Malaysia MAS,40.27
2004,feb,70,Hungary HUN,40.1
2004,feb,71,Guam GUM,40
2004,feb,71,St Lucia LCA,40
2004,feb,71,St Vincent and the Grenadines SVG,40
2004,feb,74,Nigeria NGA,39.87
2004,feb,75,Luxembourg LUX,39.74
2004,feb,76,Solomon Islands SOL,39.67
2004,feb,77,Senegal SEN,39.3
2004,feb,78,Cameroon CAM,38.97
2004,feb,79,Guyana GUY,38.95
2004,feb,80,Monaco MON,38.81
2004,feb,81,Colombia COL,38.63
2004,feb,82,Barbados BRB,38.48
2004,feb,83,Jamaica JAM,38.14
2004,feb,84,Swaziland SWZ,37.92
2004,feb,85,Tahiti PYF,37.62
2004,feb,86,Bulgaria BUL,37.35
2004,feb,87,Austria AUT,36.75
2004,feb,88,Israel ISR,35.98
2004,feb,89,Botswana BWA,35.82
2004,feb,90,Vanuatu VAN,35.67
2004,feb,91,India IND,35.49
2004,feb,92,Bahamas BHS,34.2
2004,feb,93,Norway NOR,33.62
2004,feb,94,Finland FIN,33.06
2004,feb,95,Bosnia & Herzegovina BIH,31.97
2004,jan,1,England ENG,93.99
2004,jan,2,New Zealand NZL,90.12
2004,jan,3,Australia AUS,86.58
2004,jan,4,France FRA,82.71
2004,jan,5,South Africa RSA,81.23
2004,jan,6,Ireland IRE,80.53
2004,jan,7,Argentina ARG,78.02
2004,jan,8,Wales WAL,76.92
2004,jan,9,Scotland SCO,76.36
2004,jan,10,Samoa SAM,73.46
2004,jan,11,Italy ITA,71.88
2004,jan,12,Fiji FJI,71.82
2004,jan,13,Canada CAN,68.55
2004,jan,14,Romania ROM,68.04
2004,jan,15,USA USA,67.65
2004,jan,16,Uruguay URU,64.88
2004,jan,17,Tonga TGA,63.15
2004,jan,18,Portugal POR,62.03
2004,jan,19,Georgia GEO,61.57
2004,jan,20,Japan JPN,61.42
2004,jan,21,Morocco MAR,60.87
2004,jan,22,Korea KOR,60.78
2004,jan,23,Russia RUS,60.2
2004,jan,24,Chile CHL,59.65
2004,jan,25,Namibia NAM,58.45
2004,jan,26,Ukraine UKR,58.32
2004,jan,27,Czech Republic CZE,57.61
2004,jan,28,Hong Kong HKG,55.27
2004,jan,29,Germany GER,54.46
2004,jan,30,Spain ESP,54.28
2004,jan,31,Tunisia TUN,54.09
2004,jan,32,Chinese Taipei TPE,52.54
2004,jan,33,Poland POL,52.2
2004,jan,34,Brazil BRA,51.56
2004,jan,35,Paraguay PAR,51.25
2004,jan,36,Denmark DEN,50.78
2004,jan,37,Switzerland SUI,50.41
2004,jan,38,Croatia CRO,49.95
2004,jan,39,China CHN,48.94
2004,jan,40,Cote D'Ivoire CIV,48.87
2004,jan,41,Netherlands NED,48.38
2004,jan,42,Madagascar MAD,48.2
2004,jan,43,Kazakhstan KAZ,47.97
2004,jan,44,Latvia LAT,47.82
2004,jan,45,Belgium BEL,47.61
2004,jan,46,Arabian Gulf AER,47.25
2004,jan,47,Zimbabwe ZIM,47.22
2004,jan,48,Sweden SWE,47.17
2004,jan,49,Venezuela VEN,46.98
2004,jan,50,Trinidad & Tobago TRI,46.36
2004,jan,51,Kenya KEN,46.3
2004,jan,52,Moldova MDA,46.19
2004,jan,53,Slovenia SVN,46.04
2004,jan,54,Peru PER,45.75
2004,jan,55,Singapore SIN,44.9
2004,jan,56,Bermuda BER,44.57
2004,jan,57,Serbia SRB,44.05
2004,jan,58,Cook Islands COK,44
2004,jan,59,Thailand THA,43.98
2004,jan,60,Zambia ZAM,43.82
2004,jan,61,Cayman Islands CAY,43.76
2004,jan,62,Papua New Guinea PNG,43.52
2004,jan,63,Sri Lanka SRI,42.74
2004,jan,64,Andorra AND,42.6
2004,jan,65,Lithuania LTU,42.2
2004,jan,66,Niue Island NIU,41.51
2004,jan,67,Malta MLT,41.47
2004,jan,68,Uganda UGA,41.11
2004,jan,69,Malaysia MAS,40.27
2004,jan,70,Hungary HUN,40.1
2004,jan,71,Guam GUM,40
2004,jan,71,St Lucia LCA,40
2004,jan,71,St Vincent and the Grenadines SVG,40
2004,jan,74,Nigeria NGA,39.87
2004,jan,75,Luxembourg LUX,39.74
2004,jan,76,Solomon Islands SOL,39.67
2004,jan,77,Senegal SEN,39.3
2004,jan,78,Cameroon CAM,38.97
2004,jan,79,Guyana GUY,38.95
2004,jan,80,Monaco MON,38.81
2004,jan,81,Colombia COL,38.63
2004,jan,82,Barbados BRB,38.48
2004,jan,83,Jamaica JAM,38.14
2004,jan,84,Swaziland SWZ,37.92
2004,jan,85,Tahiti PYF,37.62
2004,jan,86,Bulgaria BUL,37.35
2004,jan,87,Austria AUT,36.75
2004,jan,88,Israel ISR,35.98
2004,jan,89,Botswana BWA,35.82
2004,jan,90,Vanuatu VAN,35.67
2004,jan,91,India IND,35.49
2004,jan,92,Bahamas BHS,34.2
2004,jan,93,Norway NOR,33.62
2004,jan,94,Finland FIN,33.06
2004,jan,95,Bosnia & Herzegovina BIH,31.97